id,pid,name,description,observer,tool,whenObserved,evaluation_id,dataset_2_id
1,44344c55-7abd-4bc7-9fe6-fab18538544e,SnT,Credit Score ML,A4S System,A4S,2026-01-19 10:02:07.356699+00,1,1
2,ebeda98e-0755-434c-b084-c8b205600ea9,SnT,Credit Score ML,A4S System,A4S,2012-04-07 00:00:00+00,1,1
3,15c9f140-501f-40f4-95b3-62250c0f3c2e,SnT,Credit Score ML,A4S System,A4S,2012-04-08 00:00:00+00,1,1
4,842f7bb6-241c-4b7f-bbf3-96451e3e349d,SnT,Credit Score ML,A4S System,A4S,2012-04-09 00:00:00+00,1,1
5,c15c693f-1acb-4fd3-96a1-89d709a24717,SnT,Credit Score ML,A4S System,A4S,2012-04-10 00:00:00+00,1,1
6,ba0c3dd3-1527-4b3a-87be-63c20c290684,SnT,Credit Score ML,A4S System,A4S,2012-04-11 00:00:00+00,1,1
7,16bc7d39-e5bb-487c-8554-a28bdec5d166,SnT,Credit Score ML,A4S System,A4S,2012-04-12 00:00:00+00,1,1
8,21d50e55-5b44-4e8a-bfda-7187ee934b5a,SnT,Credit Score ML,A4S System,A4S,2012-04-13 00:00:00+00,1,1
9,0548aadb-d74a-4a35-b5a8-2e869b67f157,SnT,Credit Score ML,A4S System,A4S,2012-04-14 00:00:00+00,1,1
10,2eacfceb-4ba6-4ef1-aa89-42ce8835e917,SnT,Credit Score ML,A4S System,A4S,2012-04-15 00:00:00+00,1,1
11,a17372b5-68c5-4b54-b9df-0f656ec804c5,SnT,Credit Score ML,A4S System,A4S,2012-04-16 00:00:00+00,1,1
12,27122051-4d9b-4ec7-8c2a-f0f66b006963,SnT,Credit Score ML,A4S System,A4S,2012-04-17 00:00:00+00,1,1
13,c2069b23-c3f0-42b4-96fd-42b0b2ba6900,SnT,Credit Score ML,A4S System,A4S,2012-04-18 00:00:00+00,1,1
14,e14d3979-bed0-48eb-a432-07e794e76a96,SnT,Credit Score ML,A4S System,A4S,2012-04-19 00:00:00+00,1,1
15,2e2c5291-5c3b-426d-8940-4f06bf4172ef,SnT,Credit Score ML,A4S System,A4S,2012-04-20 00:00:00+00,1,1
16,513e8639-b5c5-4264-b5c9-9d099f1beb89,SnT,Credit Score ML,A4S System,A4S,2012-04-21 00:00:00+00,1,1
17,5b2fb6d6-e56a-448f-8fe5-18b23a52d6aa,SnT,Credit Score ML,A4S System,A4S,2012-04-22 00:00:00+00,1,1
18,6eacda5b-fe31-4621-9098-9b1a7f297cd1,SnT,Credit Score ML,A4S System,A4S,2012-04-23 00:00:00+00,1,1
19,6135cf58-6b36-4330-b043-20170c11ffc0,SnT,Credit Score ML,A4S System,A4S,2012-04-24 00:00:00+00,1,1
20,c04e20f7-afbd-4144-8743-1b33fb6d16e8,SnT,Credit Score ML,A4S System,A4S,2012-04-25 00:00:00+00,1,1
21,9b5bec8b-6608-4b96-8870-1c73964b1745,SnT,Credit Score ML,A4S System,A4S,2012-04-26 00:00:00+00,1,1
22,eeb6efac-bc24-4403-97bf-037e729da8e5,SnT,Credit Score ML,A4S System,A4S,2012-04-27 00:00:00+00,1,1
23,75d8ed31-ad79-42a6-988b-2ad7f84a0389,SnT,Credit Score ML,A4S System,A4S,2012-04-28 00:00:00+00,1,1
24,8439df57-f122-4e73-8271-0ad9dd1e9100,SnT,Credit Score ML,A4S System,A4S,2012-04-29 00:00:00+00,1,1
25,26d5bd0d-7a1d-468e-ae26-208f86eb6923,SnT,Credit Score ML,A4S System,A4S,2012-04-30 00:00:00+00,1,1
